{
  "record_id": "c6ffef40633975fc",
  "timestamp": "2026-03-20T17:28:20.694808+00:00",
  "source": "self_play",
  "agent_id": "meta-loop-engine",
  "cycle_id": 701,
  "epoch": 10,
  "epoch_cycle": 17,
  "x1_structure": 0.6,
  "x2_semantics": 0.5,
  "x3_coordination": 0.4308190760495937,
  "x4_recursion": 0.06,
  "x5_contradiction": 0.4,
  "x6_emergence": 0.7150000000000001,
  "x7_legibility": 0.5,
  "x8_routing": 0.6,
  "x9_grounding": 0.14414224673649179,
  "x10_compression": 0.5,
  "x11_interop": 0.6,
  "x12_potential": 0.749,
  "x13_resource_efficiency": 0.0,
  "x14_latency": 0.3,
  "x15_throughput": 0.0,
  "memory_mb": 220.68,
  "cpu_percent": 0.1,
  "context_pressure": 0.0,
  "tool_latency_ms": 0.0,
  "value_per_token": 0.0,
  "value_per_ms": 0.0,
  "compression_ratio": 0.0,
  "redundancy_score": 0.0,
  "efficiency_delta": -2.4769260172290853e-05,
  "action_type": "self_play_wave_83",
  "strategy": "refine",
  "outcome": "keep",
  "reasoning": "",
  "tool_name": "geometric_train",
  "momentum_delta": "[0.10687608779882485, 0.15138060844647314, 0.12939318572408046, 0.18891910497658868]",
  "prev_hash": "1429bdaf4855ceb7",
  "record_hash": "c6ffef40633975fc",
  "parent_seed_hash": "bfafa1ae1f2a0bff"
}