{
  "record_id": "4015e80504a67ed3",
  "timestamp": "2026-03-20T17:28:47.860743+00:00",
  "source": "self_play",
  "agent_id": "meta-loop-engine",
  "cycle_id": 698,
  "epoch": 9,
  "epoch_cycle": 14,
  "x1_structure": 0.6,
  "x2_semantics": 0.5,
  "x3_coordination": 0.4441102220834371,
  "x4_recursion": 0.03,
  "x5_contradiction": 0.4,
  "x6_emergence": 0.51,
  "x7_legibility": 0.5,
  "x8_routing": 0.6,
  "x9_grounding": 0.10815801792052337,
  "x10_compression": 0.5,
  "x11_interop": 0.6,
  "x12_potential": 0.626,
  "x13_resource_efficiency": 0.0,
  "x14_latency": 0.3,
  "x15_throughput": 0.0,
  "memory_mb": 151.88,
  "cpu_percent": 0.5,
  "context_pressure": 0.0,
  "tool_latency_ms": 0.0,
  "value_per_token": 0.0,
  "value_per_ms": 0.0,
  "compression_ratio": 0.0,
  "redundancy_score": 0.0,
  "efficiency_delta": -2.47609771133772e-05,
  "action_type": "self_play_wave_42",
  "strategy": "exploit",
  "outcome": "keep",
  "reasoning": "",
  "tool_name": "geometric_train",
  "momentum_delta": "[0.12968681168183557, 0.06956287512010022, 0.12490527347684072, 0.10847711140331685]",
  "prev_hash": "1fd7e5fe16bc34d8",
  "record_hash": "4015e80504a67ed3",
  "parent_seed_hash": "ddf569c5ee2f333c"
}