{
  "record_id": "e2f4d71c77441842",
  "timestamp": "2026-03-20T17:29:56.799105+00:00",
  "source": "self_play",
  "agent_id": "meta-loop-engine",
  "cycle_id": 700,
  "epoch": 9,
  "epoch_cycle": 16,
  "x1_structure": 0.6,
  "x2_semantics": 0.5,
  "x3_coordination": 0.5678743553106171,
  "x4_recursion": 0.0,
  "x5_contradiction": 0.4,
  "x6_emergence": 0.315,
  "x7_legibility": 0.5,
  "x8_routing": 0.6,
  "x9_grounding": 0.12872611372640397,
  "x10_compression": 0.5,
  "x11_interop": 0.6,
  "x12_potential": 0.509,
  "x13_resource_efficiency": 0.0,
  "x14_latency": 0.3,
  "x15_throughput": 0.0,
  "memory_mb": 502.81,
  "cpu_percent": 0.1,
  "context_pressure": 0.0,
  "tool_latency_ms": 0.0,
  "value_per_token": 0.0,
  "value_per_ms": 0.0,
  "compression_ratio": 0.0,
  "redundancy_score": 0.0,
  "efficiency_delta": -0.00025217242419435894,
  "action_type": "self_play_wave_3",
  "strategy": "warmup",
  "outcome": "keep",
  "reasoning": "",
  "tool_name": "geometric_train",
  "momentum_delta": "[0.13938838761249672, 0.1017008075988417, 0.11648859721305445, 0.15732666248122282]",
  "prev_hash": "524b03e28373857c",
  "record_hash": "e2f4d71c77441842",
  "parent_seed_hash": "ddf569c5ee2f333c"
}