{
  "record_id": "26c2f1632bdcaaab",
  "timestamp": "2026-03-20T17:29:56.184640+00:00",
  "source": "self_play",
  "agent_id": "meta-loop-engine",
  "cycle_id": 704,
  "epoch": 9,
  "epoch_cycle": 20,
  "x1_structure": 0.6,
  "x2_semantics": 0.5,
  "x3_coordination": 0.6287536058841782,
  "x4_recursion": 0.01,
  "x5_contradiction": 0.4,
  "x6_emergence": 0.40499999999999997,
  "x7_legibility": 0.5,
  "x8_routing": 0.6,
  "x9_grounding": 0.13411571414364665,
  "x10_compression": 0.5,
  "x11_interop": 0.6,
  "x12_potential": 0.563,
  "x13_resource_efficiency": 0.0,
  "x14_latency": 0.3,
  "x15_throughput": 0.0,
  "memory_mb": 411.04,
  "cpu_percent": 0.2,
  "context_pressure": 0.0,
  "tool_latency_ms": 0.0,
  "value_per_token": 0.0,
  "value_per_ms": 0.0,
  "compression_ratio": 0.0,
  "redundancy_score": 0.0,
  "efficiency_delta": -0.0003040732121329087,
  "action_type": "self_play_wave_21",
  "strategy": "explore",
  "outcome": "keep",
  "reasoning": "",
  "tool_name": "geometric_train",
  "momentum_delta": "[0.14952990752038836, 0.12499769979756332, 0.15586261226336598, 0.10607263699326885]",
  "prev_hash": "b8a83ca4d74d2fa3",
  "record_hash": "26c2f1632bdcaaab",
  "parent_seed_hash": "ddf569c5ee2f333c"
}